{
  "current": "Base",
  "presets": {
    "Base": {
      "brand_main_color": "#f15a29",
      "body_background_color": "#ffffff",
      "headings_color": "#555555",
      "body_font_color": "#555555",
      "main_link_color": "#F19729",
      "main_link_hover_color": "#FF1E00",
      "btn_text_color": "#ffffff",
      "btn_text_color_hover": "#ffffff",
      "btn_bg_color": "#f15a29",
      "btn_bg_color_hover": "#FF1E00",
      "nav_link_text_color":"#666666",
      "nav_link_text_hover_color": "#F19729",
      "nav_menu_bg": "rgba(255,255,255,.85)",
      "nav_menu_scrolled_bg": "rgba(255,255,255,1)",
      "nav_mobile_menu_bg": "#dcdcdc",
      "navbanner_bg": "rgba(0,0,0,.8)",
      "navbanner_bg_alter": "#F19729",
      "navbanner_text": "#ffffff",
      "body_font_size": "16px",
      "product_compared_price_color": "#C70039",
      "slide_bg_color": "#ffffff",
      "slide_title_color": "#ffffff",
      "slide_subtitle_color": "rgb(238,232,170)",
      "slide_btn_text_color": "#ffffff",
      "slide_btn_text_color_hover": "#ffffff",
      "slide_btn_bg_color": "#f15a29",
      "slide_btn_bg_color_hover": "#FF1E00",
      "product_background_card": "rgba(255,255,255,0);",
      "product_ribbon_bg": "#00a0c6",
      "promo_home_color_title": "#f15a29",
      "promo_home_color_desc": "#666666",
      "promo_home_color_icon": "#f15a29",
      "sidebar_bg_color": "rgba(255,255,255,0)",
      "sidebar_lines_color": "#eeeeee",
      "sidebar_titles_color": "#555555",
      "sidebar_texts_color": "#555555",
      "footer_title_color": "#f15a29",
      "footer_text_color": "#666666",
      "footer_bg_color": "#F2F2F2",
      "footer_border_color": "#E6E6E6",
      "footer_legal_text_color": "#ffffff",
      "footer_legal_bg_color": "#F19729",

      "slide_1": true,
      "slide_2": true,
      "slide_3": true,
      "slide_4": true,
      "slide_adaptative": false,
      "slide_overlay": true,
      "slide_title_shadow": true,
      "slide_title_font_size": "30px",
      "slide_subtitle_font_size": "14px",

      "slide_1_image_display": true,
      "slide_1_image_bg": "",
      "slide_1_title": "",
      "slide_1_btn_display": true,
      "slide_1_btn_text": "Ver más",
      "slide_1_btn_link": "#",

      "slide_2_image_display": true,
      "slide_2_image_bg": "",
      "slide_2_title": "",
      "slide_2_btn_display": true,
      "slide_2_btn_text": "Ver más",
      "slide_2_btn_link": "#",

      "slide_3_image_display": true,
      "slide_3_image_bg": "",
      "slide_3_title": "",
      "slide_3_btn_display": true,
      "slide_3_btn_text": "Ver más",
      "slide_3_btn_link": "#",

      "slide_4_image_display": true,
      "slide_4_image_bg": "",
      "slide_4_title": "",
      "slide_4_btn_display": true,
      "slide_4_btn_text": "Ver más",
      "slide_4_btn_link": "#",

      "product_thumbnail_type": "square",
      "featured_best_collections_title": "SUGERENCIAS DEL CHEF",
      "featured_best_products": true,
      "featured_best_products": "inicio",
      "featured_best_products_items": 8,
      "featured_best_products_title": "NUESTRAS ESPECIALIDADES",

      "featured_promos_home": true,
      "featured_promos_home_1": true,
      "featured_promos_home_2": true,
      "featured_promos_home_3": true,

      "promo_home_1_display": true,
      "promo_home_1_title": "GRATIS",
      "promo_home_1_desc": "EL ENVÍO SI COMPRAS +$200",
      "promo_home_1_icon": true,
      "promo_home_1_icon_name": "truck",

      "promo_home_2_display": true,
      "promo_home_2_title": "EXPRESS",
      "promo_home_2_desc": "LLEGA DE 30 A 45 MINUTOS*",
      "promo_home_2_icon": true,
      "promo_home_2_icon_name": "motorbike",

      "promo_home_3_display": true,
      "promo_home_3_title": "GARANTÍA",
      "promo_home_3_desc": "SIEMPRE FRESCO",
      "promo_home_3_icon": true,
      "promo_home_3_icon_name": "food-apple",

      "featured_static_banner_image_url": "",
      "featured_static_banner_link": "#",
      "featured_static_banner_bg_color": "#ffffff",

      "featured_banner_home_one_title": "MUY CERCA DE TI",
      "featured_banner_home_one_subtitle": "SUCURSALES",
      "featured_banner_home_one_intro": "Describa eso deliciosos ingredientes.",
      "featured_parallax_banner_one_text_color": "#ffffff",
      "featured_banner_home_one_btn_text": "Pídelo Ya!",
      "featured_banner_home_one_link": "#",
      "featured_banner_home_one_overlay": true,
      "featured_banner_home_one_image_url": "",

      "featured_banner_home_two_title": "MUY CERCA DE TI",
      "featured_banner_home_two_subtitle": "SUCURSALES",
      "featured_banner_home_two_intro": "Describa eso deliciosos ingredientes.",
      "featured_parallax_banner_two_text_color": "#ffffff",
      "featured_banner_home_two_btn_text": "¡Comprar Ya!",
      "featured_banner_home_two_link": "#",
      "featured_banner_home_two_overlay": true,
      "featured_banner_home_two_image_url": "",

      "frontpage_section_1": "featured-slider",
      "frontpage_section_2": "featured-collections",
      "frontpage_section_3": "featured-promos",
      "frontpage_section_4": "featured-static-banner",
      "frontpage_section_5": "featured-products",
      "frontpage_section_6": "featured-banner-parallax-one",
      "frontpage_section_7": "featured-blog",
      "frontpage_section_8": "featured-banner-parallax-two",

      "collections_description": "Descubre las delicias que tenemos",
      "category_page_title": "Categorías",
      "collections_page_title": "Colecciones",
      "categories_sidebar_title": "Categorías",
      "collections_sidebar_title": "Colecciones",
      "footer": true,
      "footer_menu_data": "<h5 class=\"footer__section-subtitle\">Horario</h5> <ul class=\"footer__list-5\"> <li>L-J 13:00 a 23:00</li> <li>V y S 13:00 a 24:00</li> <li>D 13:00 a 23:00</li> </ul> <h5 class=\"footer__section-subtitle\">Servicios</h5> <ul class=\"footer__list-5\"> <li>Restaurante</li> <li>Plancha de Teppanyaki</li> <li>Servicio a Domicilio</li> </ul>",
      "featured_static_banner": true,
      "map_is_enabled": true,
      "map_address": "Mexico City",
      "map_zoom": "14",
      "map_marker": true,
      "map_api_key": "AIzaSyBjWefNJdkFjr8IC6izNHSj-9hJzCwIAr0",
      "display_vendor": true,
      "vendor_name": "Marca",
      "sku_title": "SKU",
      "product_status_available_text": "DISPONIBLE",
      "product_status_not_available_text": "AGOTADO",
      "product_thumbnail_form": "thumbnail_landscape",
      "post_thumbnail_form": "thumbnail_square"

    }
  }
}
